performance_customer_0_aabvvcxgpudgfvb,password,53,1039684,OLFZWYRJHT-469,46,1032076,TNMOELULEL-419,28,1043107,VJDYQDDQCI-531,157,1044736,AILIVNPWCP-150073,197,1023589,VATZEPRVRN-390,86,1033467,AHSNDOOWEY-350704,42,1032814,MUNFMSSRSV-450,161,1044097,LFVJCHEXYR-425,115,1043877,CXSLMBVCRS-542,23,1044143,CUJSJSWBOJ-523,173,1041709,FTUZCIBYGR-982,171,1039329,HLPOAMYUML-512,98,1030666,KHHRVBWDTF-438,6,1026936,NPIFNMYNYQ-416,69,860124,BLKPZTJRIM-49930,157,653085,AILIVNPWCP-92888,162,1044278,YYGHWYTAGR-509,176,1038548,VAZNRHTVCY-485,56,1041211,VFSXESJNZT-490,114,1043525,ENZCCVBAXA-525,173,1034043,FTUZCIBYGR-939,155,1035538,VUFBQMJONG-485,15,1043550,YBBNJWQEIU-526,24,968004,NLHJRXCIZZ-215,173,1043942,FTUZCIBYGR-994,45,1024454,JHMYLHJQDI-392,32,1044063,RGFVEFLZFQ-552,18,970920,NVKWXPSMPO-187,57,1022035,NXNXFXVQRG-380,177,1044085,VXXFIXXKPC-481,61,1026340,CRFDGAULRP-422,22,1041265,TRPLSARUDZ-468,127,1044711,TCCKSRBSWS-418,186,1024233,WACCFSVLQQ-394,100,1043118,ZRNVASHNHT-520,82,1041092,BQTRPMUUDP-20126,157,611550,AILIVNPWCP-51353,23,1044519,CUJSJSWBOJ-525,43,1026546,NUNMABRRJL-432,106,1044578,NDKKGZLKEE-543,121,1041962,STURZIXPSD-407,47,1044411,GOGHXAUNML-538,76,1030609,FKAYJIYKDC-912,107,1044837,GSXYPBXJWN-913,103,1043269,RTQGHGQFDT-527,24,1022345,NLHJRXCIZZ-376,67,1027954,ZZMVBVIAJW-904,172,997791,VIFMGEHMTP-194,154,1043921,WVIQKQFZYJ-534,36,1030358,LDOPIBJTJU-930
performance_customer_0_aadwibnccihoxox,password,202,1044015,AWS-254,138,1030171,NDDIOHDIRH-433,139,1044696,NNBDWKFOKI-508,52,1033787,ZXVMYQJGTL-465,61,1044763,CRFDGAULRP-560,137,1043797,ZXYFKOOUBG-564,23,1026322,CUJSJSWBOJ-405,32,1043168,RGFVEFLZFQ-546,76,1044637,FKAYJIYKDC-980,141,1044154,NOWJTONXOI-1052,64,1039796,GXXEXJWZWE-457,137,1025858,ZXYFKOOUBG-412,172,1044080,VIFMGEHMTP-492,152,1025880,AIGHSZLMMT-200018,42,1041283,MUNFMSSRSV-515,32,1044147,RGFVEFLZFQ-554,186,1044327,WACCFSVLQQ-506,30,1038039,YTSQXJHROI-493,83,1026887,GUWNQMRIYM-420,83,1039363,GUWNQMRIYM-520,24,968004,NLHJRXCIZZ-215,61,1044781,CRFDGAULRP-561,154,1041625,WVIQKQFZYJ-516,78,1043703,NDRYBBBTOK-500,78,1044813,NDRYBBBTOK-506,129,1041675,JXSNIANYXV-406,165,1032367,SHSBFZOPHU-449,49,1040863,VTMAYZXIHW-414,104,1030964,KMMAIMDLAY-432,27,1033314,QZOVTJCPTH-436,24,1022345,NLHJRXCIZZ-376,70,1033412,PCLOYWMVOE-435,125,1028531,MPCJXHBTUD-430,137,1041814,ZXYFKOOUBG-546,193,1027464,MRMIRTSAYY-383,60,1043997,KZWCTGADFR-415,202,1039500,AWS-116,24,1041495,NLHJRXCIZZ-483,197,1044102,VATZEPRVRN-533,29,1043913,GXRGVPFNMM-521,148,1039599,RCAAELSHBP-982,134,1044565,SQYCDQMBLW-425,105,1041903,QGUMAMLSYB-540,7,1039528,GFYRCSAYNH-407,172,1041458,VIFMGEHMTP-477,5,1028364,YYWOYKTSKA-391,34,1044760,XVPGFYLJWN-559,39,1044362,WYWQQHAGMS-503,162,1044712,YYGHWYTAGR-511,15,1044051,YBBNJWQEIU-528
performance_customer_0_aadwzxzypvlgjaa,password,45,1044050,JHMYLHJQDI-494,58,1035587,PXVYZQSCQC-453,86,1021933,AHSNDOOWEY-350609,147,1044206,SERZCETMKW-541,35,1029460,NWZVXZDXUA-392,31,1033214,YQNUIHMYEM-463,186,1024233,WACCFSVLQQ-394,155,1043776,VUFBQMJONG-540,174,1044571,VHXOHDWJGT-484,182,1035812,PKSDDOCKME-461,60,1043433,KZWCTGADFR-412,120,1025575,PNBFYJOOFB-401,125,1028531,MPCJXHBTUD-430,71,1026458,TLEIQPCSNI-399,120,1032495,PNBFYJOOFB-438,153,1044060,NVOLEXUWQL-549,103,1041355,RTQGHGQFDT-513,15,1044596,YBBNJWQEIU-532,28,1043258,VJDYQDDQCI-533,71,991967,TLEIQPCSNI-258,122,1034062,THMXVQQXGW-465,12,1034114,LZBSILMBAG-951,144,1044465,ELVPPASHOJ-539,118,1044057,SWQZPTSIET-485,138,966297,NDDIOHDIRH-348,9,1003802,XHCTORCSBJ-317,177,1034748,VXXFIXXKPC-435,61,1043713,CRFDGAULRP-555,46,1032076,TNMOELULEL-419,193,1036505,MRMIRTSAYY-409,175,1030045,RVXLFZRBTD-441,131,1043787,GJARYFMTWB-911,58,1039836,PXVYZQSCQC-480,191,1044679,VQGSCNOUKB-496,45,1024454,JHMYLHJQDI-392,153,1035950,NVOLEXUWQL-486,113,1043809,LAZCTLHUAU-416,97,974251,PBMVPGYONL-206,133,1044480,EVGNACFRNS-417,8,995887,VBGMGZTNDC-130,202,1041997,AWS-186,9,1043992,XHCTORCSBJ-556,81,1044179,ESMGDKQSEZ-425,177,1044263,VXXFIXXKPC-482,184,1044321,JUKBGDMBVK-539,83,1022250,GUWNQMRIYM-383,131,1043687,GJARYFMTWB-910,155,1043820,VUFBQMJONG-542,184,1036490,JUKBGDMBVK-485,125,1044079,MPCJXHBTUD-528
performance_customer_0_aaghsyduxavzqzz,password,35,1044790,NWZVXZDXUA-436,67,1044341,ZZMVBVIAJW-973,181,1038736,NKMNEEGYEC-505,137,1036016,ZXYFKOOUBG-499,41,1044122,FKOBKGGDNM-406,192,1044621,TLZVWAQAKG-476,98,1030666,KHHRVBWDTF-438,71,1022577,TLEIQPCSNI-380,138,966297,NDDIOHDIRH-348,28,1041473,VJDYQDDQCI-520,2,1044274,XIBQZXMICX-430,79,1041068,VFFHCETBWQ-499,36,1044653,LDOPIBJTJU-1038,92,1024934,ZCETTLRFYP-410,201,1043979,PKNNLDOREM-516,71,1026458,TLEIQPCSNI-399,118,1044761,SWQZPTSIET-489,30,1038743,YTSQXJHROI-501,30,1044023,YTSQXJHROI-528,191,1044160,VQGSCNOUKB-492,120,1025575,PNBFYJOOFB-401,36,1043709,LDOPIBJTJU-1032,102,1038886,EAHLSGJEPU-959,158,1043185,PZZAPSICNJ-534,195,1043959,AOCKZTHHJW-50051,138,1043987,NDDIOHDIRH-537,139,968692,NNBDWKFOKI-167,149,1043860,BWABCGIPZF-537,97,974251,PBMVPGYONL-206,83,1026887,GUWNQMRIYM-420,40,1044799,WGUYWSBNKR-560,52,1044618,ZXVMYQJGTL-545,176,1041671,VAZNRHTVCY-512,122,1039285,THMXVQQXGW-505,58,1035587,PXVYZQSCQC-453,120,1044812,PNBFYJOOFB-501,18,1043298,NVKWXPSMPO-566,56,1044524,VFSXESJNZT-503,67,1039830,ZZMVBVIAJW-949,61,1027824,CRFDGAULRP-433,185,1044378,TVQVXIMKDJ-488,31,1028568,YQNUIHMYEM-432,24,968004,NLHJRXCIZZ-215,95,1044216,QRVHWUBMHJ-487,34,1041317,XVPGFYLJWN-532,52,1033844,ZXVMYQJGTL-468,197,1043917,VATZEPRVRN-531,147,1044368,SERZCETMKW-542,131,1044549,GJARYFMTWB-915,61,1044346,CRFDGAULRP-556
performance_customer_0_aagxpcofvqmoerf,password,15,1036457,YBBNJWQEIU-475,139,968692,NNBDWKFOKI-167,118,1028487,SWQZPTSIET-397,67,1027954,ZZMVBVIAJW-904,71,991967,TLEIQPCSNI-258,122,1034062,THMXVQQXGW-465,93,1041052,ZGSVVHAPWT-986,35,1044272,NWZVXZDXUA-434,140,1044191,NZBZAJSEHP-528,83,1022250,GUWNQMRIYM-383,175,1030045,RVXLFZRBTD-441,57,1042970,NXNXFXVQRG-551,140,972210,NZBZAJSEHP-5,28,1044521,VJDYQDDQCI-539,77,1044557,CXSIKWUYQP-503,108,1043150,IXKGMVAINR-424,184,1032830,JUKBGDMBVK-460,18,970920,NVKWXPSMPO-187,148,1044387,RCAAELSHBP-1018,138,966297,NDDIOHDIRH-348,137,1022930,ZXYFKOOUBG-388,104,1041751,KMMAIMDLAY-498,179,1027867,QXBDSXNAUX-385,143,1039720,BRTYWMARJG-20118,126,1041291,TBALEQSSEO-409,80,1021281,YEUFTDXSAZ-371,9,1039532,XHCTORCSBJ-513,150,1028237,SLDDECEIUX-425,11,1044297,GBBAQNETLX-472,176,1043193,VAZNRHTVCY-521,137,1037459,ZXYFKOOUBG-508,162,1040931,YYGHWYTAGR-492,89,1044086,JRXARVHCQX-423,77,1044282,CXSIKWUYQP-502,98,1044629,KHHRVBWDTF-524,149,1041612,BWABCGIPZF-523,186,1027781,WACCFSVLQQ-412,95,1044832,QRVHWUBMHJ-492,103,1044547,RTQGHGQFDT-540,197,1023589,VATZEPRVRN-390,114,1035607,ENZCCVBAXA-470,152,1025880,AIGHSZLMMT-200018,35,1038622,NWZVXZDXUA-416,147,1044148,SERZCETMKW-540,14,1039700,BWUBRJINFU-403,5,1041813,YYWOYKTSKA-426,10,1044788,HZRIEXBUHM-409,45,1024454,JHMYLHJQDI-392,57,1022035,NXNXFXVQRG-380,43,1036355,NUNMABRRJL-526
performance_customer_0_aaniwghchsjqqyb,password,35,971555,NWZVXZDXUA-86,144,1039860,ELVPPASHOJ-510,6,1026936,NPIFNMYNYQ-416,112,1044339,RTCAOFWHRR-542,109,1044639,HEZRIFKZLK-430,113,1043878,LAZCTLHUAU-417,45,1039112,JHMYLHJQDI-474,161,1043853,LFVJCHEXYR-424,52,1031151,ZXVMYQJGTL-447,18,970920,NVKWXPSMPO-187,53,1043127,OLFZWYRJHT-494,15,1044672,YBBNJWQEIU-534,112,1044073,RTCAOFWHRR-539,140,972210,NZBZAJSEHP-5,24,968004,NLHJRXCIZZ-215,156,1043888,HEHTOJQONR-523,82,1025785,BQTRPMUUDP-20034,199,985369,SDSDGVBYRR-284,163,1044800,NTIHRVLOUP-482,27,1044567,QZOVTJCPTH-492,21,1043805,RHNDJIJANW-485,169,1038947,VYPOEDLZQN-474,90,991439,TIJDXPATXL-98,29,1038937,GXRGVPFNMM-492,11,1043864,GBBAQNETLX-469,12,1043802,LZBSILMBAG-1023,134,1041298,SQYCDQMBLW-419,36,1044398,LDOPIBJTJU-1036,147,1041287,SERZCETMKW-517,15,1044542,YBBNJWQEIU-531,20,1043794,IPUQKWXYRN-415,57,1028230,NXNXFXVQRG-424,189,1043828,QGRMBSSSGB-476,158,977498,PZZAPSICNJ-141,88,975061,PHLSIPFNWQ-280,15,1023781,YBBNJWQEIU-392,34,1026335,XVPGFYLJWN-414,9,1039765,XHCTORCSBJ-516,113,1024552,LAZCTLHUAU-373,150,1030353,SLDDECEIUX-440,184,1044164,JUKBGDMBVK-537,30,1035793,YTSQXJHROI-475,62,1028491,SQVDACDULC-426,171,1033381,HLPOAMYUML-465,34,1028436,XVPGFYLJWN-432,5,1007215,YYWOYKTSKA-50,172,997791,VIFMGEHMTP-194,45,1044509,JHMYLHJQDI-499,98,1044095,KHHRVBWDTF-522,103,1041123,RTQGHGQFDT-511
performance_customer_0_aaohguogunalniv,password,140,972210,NZBZAJSEHP-5,96,1043919,FDZIKSUVLU-542,73,1034505,QTMPTHBAEA-466,105,1028873,QGUMAMLSYB-443,80,1041999,YEUFTDXSAZ-419,153,1041365,NVOLEXUWQL-527,5,1043678,YYWOYKTSKA-430,138,966297,NDDIOHDIRH-348,60,1044591,KZWCTGADFR-416,3,1044588,OMYVWZWAEW-507,92,1037165,ZCETTLRFYP-490,106,1044125,NDKKGZLKEE-540,18,1022714,NVKWXPSMPO-391,39,1044555,WYWQQHAGMS-505,150,1028237,SLDDECEIUX-425,186,1027781,WACCFSVLQQ-412,95,1044313,QRVHWUBMHJ-489,72,1043689,KACAMIJTHY-408,47,1041596,GOGHXAUNML-516,167,1039437,YFVNGNXSMW-471,199,1030965,SDSDGVBYRR-400,105,1044380,QGUMAMLSYB-558,186,1044469,WACCFSVLQQ-508,30,1044754,YTSQXJHROI-530,162,1006976,YYGHWYTAGR-179,156,1043557,HEHTOJQONR-519,72,1044238,KACAMIJTHY-410,71,991967,TLEIQPCSNI-258,154,1041625,WVIQKQFZYJ-516,178,1044566,OWFRIZLZXC-420,28,1032017,VJDYQDDQCI-452,157,653085,AILIVNPWCP-92888,45,1024454,JHMYLHJQDI-392,11,1043531,GBBAQNETLX-467,15,1044675,YBBNJWQEIU-535,191,1036353,VQGSCNOUKB-465,149,1044052,BWABCGIPZF-541,77,1043968,CXSIKWUYQP-499,12,1034114,LZBSILMBAG-951,104,1044685,KMMAIMDLAY-521,197,1039394,VATZEPRVRN-504,172,997791,VIFMGEHMTP-194,67,1039830,ZZMVBVIAJW-949,27,1044288,QZOVTJCPTH-490,51,1044700,ONNIUXTQKY-540,144,1043267,ELVPPASHOJ-534,101,1044598,TIBNMFWXCA-413,40,1044323,WGUYWSBNKR-554,88,975061,PHLSIPFNWQ-280,18,970920,NVKWXPSMPO-187
performance_customer_0_abnuoxhbnbptsww,password,71,1022577,TLEIQPCSNI-380,14,1039700,BWUBRJINFU-403,200,1044218,HKEYWFYGUH-512,141,969614,NOWJTONXOI-353,201,1043960,PKNNLDOREM-515,192,1029830,TLZVWAQAKG-404,141,1036313,NOWJTONXOI-976,57,1043933,NXNXFXVQRG-560,144,1044250,ELVPPASHOJ-538,125,1044482,MPCJXHBTUD-530,152,1025880,AIGHSZLMMT-200018,90,991439,TIJDXPATXL-98,40,1044741,WGUYWSBNKR-559,48,1044204,DAVUWZHYRY-411,15,1041322,YBBNJWQEIU-510,92,1024934,ZCETTLRFYP-410,167,1034564,YFVNGNXSMW-447,77,942529,CXSIKWUYQP-132,182,1041971,PKSDDOCKME-491,137,1043798,ZXYFKOOUBG-565,79,1039124,VFFHCETBWQ-481,163,1025416,NTIHRVLOUP-391,143,1032516,BRTYWMARJG-20077,40,1041188,WGUYWSBNKR-527,50,1044836,TSTTNQYNBY-518,175,1030045,RVXLFZRBTD-441,148,1043400,RCAAELSHBP-1010,114,1044684,ENZCCVBAXA-532,17,1044612,RSQPJAZKAF-436,120,1025575,PNBFYJOOFB-401,145,1044627,EPRJSRWBST-485,50,1041163,TSTTNQYNBY-496,97,974251,PBMVPGYONL-206,154,1010210,WVIQKQFZYJ-370,86,1021933,AHSNDOOWEY-350609,150,1044070,SLDDECEIUX-534,11,1043945,GBBAQNETLX-470,10,1041849,HZRIEXBUHM-398,103,1041261,RTQGHGQFDT-512,157,653085,AILIVNPWCP-92888,136,1044576,XDRASTYZNP-534,167,1044352,YFVNGNXSMW-497,156,1043740,HEHTOJQONR-520,36,1044442,LDOPIBJTJU-1037,106,1028578,NDKKGZLKEE-426,193,1027464,MRMIRTSAYY-383,5,1044048,YYWOYKTSKA-432,141,1043681,NOWJTONXOI-1043,117,1033939,ZWEYMHUMPM-905,70,1035608,PCLOYWMVOE-447
performance_customer_0_aclklorzxihhgli,password,124,1043702,DUDYJGZXSO-513,91,1041678,DGKADUBDPT-485,176,1039876,VAZNRHTVCY-495,182,1041830,PKSDDOCKME-490,58,1044831,PXVYZQSCQC-508,80,1044560,YEUFTDXSAZ-427,83,1022250,GUWNQMRIYM-383,70,1033412,PCLOYWMVOE-435,179,1027867,QXBDSXNAUX-385,34,1044285,XVPGFYLJWN-557,23,1043903,CUJSJSWBOJ-520,158,977498,PZZAPSICNJ-141,18,1044705,NVKWXPSMPO-576,75,1043761,FZBJMUFCMR-425,18,970920,NVKWXPSMPO-187,100,1037496,ZRNVASHNHT-474,71,1022577,TLEIQPCSNI-380,90,1038944,TIJDXPATXL-468,109,1033057,HEZRIFKZLK-404,155,1044658,VUFBQMJONG-550,24,1041310,NLHJRXCIZZ-481,73,1043455,QTMPTHBAEA-521,90,991439,TIJDXPATXL-98,6,1026936,NPIFNMYNYQ-416,29,1044038,GXRGVPFNMM-522,36,1039303,LDOPIBJTJU-993,71,1041532,TLEIQPCSNI-488,199,1032289,SDSDGVBYRR-405,65,1044383,KQHCHNIWCP-509,29,1041392,GXRGVPFNMM-508,67,1043736,ZZMVBVIAJW-970,9,1041284,XHCTORCSBJ-535,189,1044379,QGRMBSSSGB-477,181,1044311,NKMNEEGYEC-547,83,1026887,GUWNQMRIYM-420,78,1044014,NDRYBBBTOK-501,80,1021281,YEUFTDXSAZ-371,200,1041762,HKEYWFYGUH-499,62,1041570,SQVDACDULC-518,50,1038939,TSTTNQYNBY-479,118,1043618,SWQZPTSIET-483,158,1023911,PZZAPSICNJ-388,46,1044527,TNMOELULEL-476,150,1030353,SLDDECEIUX-440,131,1044371,GJARYFMTWB-914,154,1010210,WVIQKQFZYJ-370,15,1026594,YBBNJWQEIU-415,140,1043896,NZBZAJSEHP-525,16,1021671,BLCNFHGGWF-50006,24,1022345,NLHJRXCIZZ-376
performance_customer_0_acnxnemakrjutos,password,26,1041303,XVOSPWXJNR-477,110,1043950,SYWHOCZFXN-477,47,1040992,GOGHXAUNML-512,105,1044830,QGUMAMLSYB-561,146,1044798,EUPHJBEOTT-504,105,1044262,QGUMAMLSYB-557,156,1043025,HEHTOJQONR-515,197,1043749,VATZEPRVRN-530,5,1028364,YYWOYKTSKA-391,66,1041677,HZKAZWTBYM-419,80,1021281,YEUFTDXSAZ-371,112,1043775,RTCAOFWHRR-538,202,1044811,AWS-258,47,1038971,GOGHXAUNML-499,4,1041203,HFYNPMLSFD-1410,57,1028230,NXNXFXVQRG-424,104,1044119,KMMAIMDLAY-516,58,1039836,PXVYZQSCQC-480,127,1043943,TCCKSRBSWS-415,71,1026730,TLEIQPCSNI-400,15,1036483,YBBNJWQEIU-476,12,1041493,LZBSILMBAG-1004,139,1043442,NNBDWKFOKI-501,170,1044544,QCIXCMMULZ-498,167,1043976,YFVNGNXSMW-493,150,1043330,SLDDECEIUX-530,71,1026458,TLEIQPCSNI-399,92,1024934,ZCETTLRFYP-410,141,1044476,NOWJTONXOI-1054,45,1043759,JHMYLHJQDI-492,166,1044273,JYONAAGORO-531,172,1035717,VIFMGEHMTP-448,172,997791,VIFMGEHMTP-194,17,1044305,RSQPJAZKAF-434,139,1035327,NNBDWKFOKI-465,8,995887,VBGMGZTNDC-130,100,1025207,ZRNVASHNHT-395,5,1007215,YYWOYKTSKA-50,201,1044269,PKNNLDOREM-520,76,1030170,FKAYJIYKDC-909,180,1043162,PKRERGIDEA-408,15,1026364,YBBNJWQEIU-414,39,1002790,WYWQQHAGMS-41,33,1039409,PTFYXPYYLJ-999,184,1032830,JUKBGDMBVK-460,2,1039149,XIBQZXMICX-419,7,1030897,GFYRCSAYNH-389,67,1044012,ZZMVBVIAJW-972,199,1030965,SDSDGVBYRR-400,30,1038333,YTSQXJHROI-499
performance_customer_0_acxaryadefenmff,password,171,1044001,HLPOAMYUML-547,68,1039239,ULGXMPXQUO-410,39,1044543,WYWQQHAGMS-504,42,1039154,MUNFMSSRSV-496,73,1044655,QTMPTHBAEA-527,8,995887,VBGMGZTNDC-130,183,1044568,WBRKGBIXLU-417,69,1041840,BLKPZTJRIM-50067,192,1044507,TLZVWAQAKG-474,53,1043276,OLFZWYRJHT-496,144,1043267,ELVPPASHOJ-534,73,1044236,QTMPTHBAEA-524,167,1021432,YFVNGNXSMW-374,70,1042002,PCLOYWMVOE-484,139,968692,NNBDWKFOKI-167,52,1034715,ZXVMYQJGTL-473,119,1044294,GGJLWNGURU-481,197,1023589,VATZEPRVRN-390,52,1043800,ZXVMYQJGTL-539,30,1036255,YTSQXJHROI-480,148,1044167,RCAAELSHBP-1016,48,1044779,DAVUWZHYRY-412,82,1023214,BQTRPMUUDP-20021,162,1044439,YYGHWYTAGR-510,18,1044233,NVKWXPSMPO-572,155,1029917,VUFBQMJONG-435,138,1030171,NDDIOHDIRH-433,27,1033314,QZOVTJCPTH-436,197,1044776,VATZEPRVRN-544,52,1039407,ZXVMYQJGTL-520,148,1043854,RCAAELSHBP-1014,52,1044511,ZXVMYQJGTL-544,105,1028873,QGUMAMLSYB-443,152,1044258,AIGHSZLMMT-200061,57,1028230,NXNXFXVQRG-424,32,1030787,RGFVEFLZFQ-449,132,1044533,UIRAAOTHDH-528,136,1044183,XDRASTYZNP-533,158,1043829,PZZAPSICNJ-537,70,1041043,PCLOYWMVOE-478,199,1038880,SDSDGVBYRR-424,36,1040980,LDOPIBJTJU-1006,28,1032017,VJDYQDDQCI-452,192,1043574,TLZVWAQAKG-466,25,1044067,HDJJUSRLIA-495,67,1032365,ZZMVBVIAJW-921,192,1044381,TLZVWAQAKG-473,199,985369,SDSDGVBYRR-284,87,1044268,QGQJEIUPQN-417,61,1027824,CRFDGAULRP-433
performance_customer_0_aepwwryhjcvupst,password,42,1034207,MUNFMSSRSV-459,175,1030045,RVXLFZRBTD-441,96,1044163,FDZIKSUVLU-547,199,985369,SDSDGVBYRR-284,53,1044396,OLFZWYRJHT-502,82,1025785,BQTRPMUUDP-20034,111,1010377,RFHZOVDDKL-370,166,1035620,JYONAAGORO-477,58,1043816,PXVYZQSCQC-503,6,1044556,NPIFNMYNYQ-562,94,1044815,RZZFRTQEJW-497,183,1043868,WBRKGBIXLU-416,6,1038926,NPIFNMYNYQ-518,95,1044084,QRVHWUBMHJ-484,112,1044723,RTCAOFWHRR-544,70,1033412,PCLOYWMVOE-435,61,1044422,CRFDGAULRP-557,119,1044589,GGJLWNGURU-484,104,1044107,KMMAIMDLAY-515,80,1021281,YEUFTDXSAZ-371,179,1027867,QXBDSXNAUX-385,147,1041750,SERZCETMKW-520,18,970920,NVKWXPSMPO-187,3,1043757,OMYVWZWAEW-502,162,1041701,YYGHWYTAGR-496,113,1024552,LAZCTLHUAU-373,96,1043932,FDZIKSUVLU-543,201,1044364,PKNNLDOREM-521,9,1044828,XHCTORCSBJ-560,35,1038622,NWZVXZDXUA-416,61,1026340,CRFDGAULRP-422,28,1034178,VJDYQDDQCI-469,163,1025416,NTIHRVLOUP-391,18,1022714,NVKWXPSMPO-391,41,1033327,FKOBKGGDNM-384,52,1034334,ZXVMYQJGTL-470,92,1036986,ZCETTLRFYP-488,172,997791,VIFMGEHMTP-194,197,1044484,VATZEPRVRN-539,192,1029830,TLZVWAQAKG-404,100,1041713,ZRNVASHNHT-507,155,1029917,VUFBQMJONG-435,66,1041584,HZKAZWTBYM-417,176,1034044,VAZNRHTVCY-454,46,1032076,TNMOELULEL-419,136,1043983,XDRASTYZNP-532,18,1035769,NVKWXPSMPO-510,93,1029194,ZGSVVHAPWT-925,35,971555,NWZVXZDXUA-86,119,1044353,GGJLWNGURU-483
performance_customer_0_aeqdxwgkwzanqkt,password,137,1043401,ZXYFKOOUBG-561,171,1039723,HLPOAMYUML-516,90,991439,TIJDXPATXL-98,170,1043694,QCIXCMMULZ-494,176,1044277,VAZNRHTVCY-528,47,1044208,GOGHXAUNML-535,99,1044650,VYKDAUYCKV-817,160,1035896,NOOIYAJXPU-905,93,1030877,ZGSVVHAPWT-932,103,1044005,RTQGHGQFDT-536,172,997791,VIFMGEHMTP-194,158,977498,PZZAPSICNJ-141,102,1044824,EAHLSGJEPU-991,92,1026875,ZCETTLRFYP-423,86,1043446,AHSNDOOWEY-350772,163,1025416,NTIHRVLOUP-391,137,1033932,ZXYFKOOUBG-486,82,1023214,BQTRPMUUDP-20021,152,1025880,AIGHSZLMMT-200018,141,969614,NOWJTONXOI-353,12,1044150,LZBSILMBAG-1024,124,1028784,DUDYJGZXSO-406,162,1042897,YYGHWYTAGR-500,92,1024934,ZCETTLRFYP-410,93,1035422,ZGSVVHAPWT-965,5,1028364,YYWOYKTSKA-391,28,1028814,VJDYQDDQCI-434,62,1044375,SQVDACDULC-539,92,1040423,ZCETTLRFYP-509,50,1033245,TSTTNQYNBY-440,138,1043594,NDDIOHDIRH-534,47,1032591,GOGHXAUNML-453,68,1044266,ULGXMPXQUO-422,96,1044135,FDZIKSUVLU-546,139,968692,NNBDWKFOKI-167,143,1044516,BRTYWMARJG-20149,80,1021281,YEUFTDXSAZ-371,86,1044421,AHSNDOOWEY-350777,12,1034114,LZBSILMBAG-951,148,1044792,RCAAELSHBP-1023,137,1043969,ZXYFKOOUBG-568,117,1023667,ZWEYMHUMPM-877,95,1041226,QRVHWUBMHJ-470,84,1043630,RDMIODABEW-500,105,1043972,QGUMAMLSYB-555,57,1044410,NXNXFXVQRG-562,109,1033057,HEZRIFKZLK-404,183,1044805,WBRKGBIXLU-419,3,1036499,OMYVWZWAEW-461,111,1010377,RFHZOVDDKL-370
performance_customer_0_afalipgheywjsqm,password,90,1043649,TIJDXPATXL-497,83,1026887,GUWNQMRIYM-420,140,972210,NZBZAJSEHP-5,32,1043824,RGFVEFLZFQ-550,44,1043751,SZTQPFWXDG-422,198,1032373,HJBBCVYMNJ-395,79,1044028,VFFHCETBWQ-521,158,1043970,PZZAPSICNJ-539,120,1032495,PNBFYJOOFB-438,84,1044240,RDMIODABEW-505,158,1023911,PZZAPSICNJ-388,175,1044633,RVXLFZRBTD-545,106,1043577,NDKKGZLKEE-536,111,1010377,RFHZOVDDKL-370,57,1028230,NXNXFXVQRG-424,12,1039326,LZBSILMBAG-990,82,1025785,BQTRPMUUDP-20034,82,1044177,BQTRPMUUDP-20140,73,1034505,QTMPTHBAEA-466,71,1022577,TLEIQPCSNI-380,159,1044513,MYYWAMLSVB-513,120,1043321,PNBFYJOOFB-492,179,1027867,QXBDSXNAUX-385,25,1043813,HDJJUSRLIA-493,57,1044759,NXNXFXVQRG-564,187,1044004,NEPPTVFQHN-414,71,1026730,TLEIQPCSNI-400,166,1044445,JYONAAGORO-533,47,1040992,GOGHXAUNML-512,122,1044384,THMXVQQXGW-549,171,1039723,HLPOAMYUML-516,153,1043165,NVOLEXUWQL-541,61,1027824,CRFDGAULRP-433,156,1043259,HEHTOJQONR-517,135,1044453,KPUTDJGSKK-911,61,1026340,CRFDGAULRP-422,120,1041067,PNBFYJOOFB-483,176,1041671,VAZNRHTVCY-512,6,1044359,NPIFNMYNYQ-561,30,1036255,YTSQXJHROI-480,80,1042353,YEUFTDXSAZ-420,73,1044782,QTMPTHBAEA-528,79,1043821,VFFHCETBWQ-519,9,1034085,XHCTORCSBJ-472,24,968004,NLHJRXCIZZ-215,31,1031485,YQNUIHMYEM-454,137,1041225,ZXYFKOOUBG-540,27,1039377,QZOVTJCPTH-461,161,1044185,LFVJCHEXYR-426,128,1044727,QBGYQVQITQ-430
performance_customer_0_ahazyiauxxkocyx,password,118,1028487,SWQZPTSIET-397,57,1043384,NXNXFXVQRG-555,140,1044553,NZBZAJSEHP-533,8,1041242,VBGMGZTNDC-426,173,1036293,FTUZCIBYGR-945,57,1024202,NXNXFXVQRG-395,169,1043724,VYPOEDLZQN-500,93,1008021,ZGSVVHAPWT-120,22,1044132,TRPLSARUDZ-484,68,1020977,ULGXMPXQUO-370,30,1035793,YTSQXJHROI-475,53,1043127,OLFZWYRJHT-494,100,1044762,ZRNVASHNHT-532,167,1039477,YFVNGNXSMW-472,150,1030353,SLDDECEIUX-440,172,1043951,VIFMGEHMTP-491,62,1043104,SQVDACDULC-530,172,1044632,VIFMGEHMTP-495,118,1040816,SWQZPTSIET-464,17,1039046,RSQPJAZKAF-424,145,1044101,EPRJSRWBST-482,111,1044187,RFHZOVDDKL-485,138,1041693,NDDIOHDIRH-520,80,1030925,YEUFTDXSAZ-396,8,995887,VBGMGZTNDC-130,3,1036499,OMYVWZWAEW-461,75,1044607,FZBJMUFCMR-428,92,1024934,ZCETTLRFYP-410,36,1040980,LDOPIBJTJU-1006,93,1026780,ZGSVVHAPWT-905,15,1026594,YBBNJWQEIU-415,111,1043698,RFHZOVDDKL-481,172,997791,VIFMGEHMTP-194,90,1036240,TIJDXPATXL-452,146,1039884,EUPHJBEOTT-476,141,1038511,NOWJTONXOI-991,172,1041629,VIFMGEHMTP-480,69,860124,BLKPZTJRIM-49930,86,1043446,AHSNDOOWEY-350772,186,1041084,WACCFSVLQQ-488,86,1021933,AHSNDOOWEY-350609,16,1044332,BLCNFHGGWF-50156,62,1043884,SQVDACDULC-535,36,1044123,LDOPIBJTJU-1034,112,1044517,RTCAOFWHRR-543,112,1044242,RTCAOFWHRR-541,101,1043871,TIBNMFWXCA-411,5,1023529,YYWOYKTSKA-377,156,1044492,HEHTOJQONR-529,165,1032367,SHSBFZOPHU-449
performance_customer_0_ahqemjyfhjtryxf,password,75,1044464,FZBJMUFCMR-427,202,1043975,AWS-252,23,1026322,CUJSJSWBOJ-405,186,1024233,WACCFSVLQQ-394,33,1044407,PTFYXPYYLJ-1029,106,1043938,NDKKGZLKEE-538,19,1044605,BSFULPTWSI-20151,24,968004,NLHJRXCIZZ-215,66,1033235,HZKAZWTBYM-401,93,1032384,ZGSVVHAPWT-949,110,1044248,SYWHOCZFXN-480,154,1043905,WVIQKQFZYJ-533,55,1044767,TEMFXCZAYO-542,28,1028814,VJDYQDDQCI-434,9,1044569,XHCTORCSBJ-558,138,966297,NDDIOHDIRH-348,194,1041704,TYTFJHAHYB-482,141,1039043,NOWJTONXOI-997,6,1043282,NPIFNMYNYQ-553,92,1044392,ZCETTLRFYP-535,36,1044212,LDOPIBJTJU-1035,182,1044109,PKSDDOCKME-502,2,1043626,XIBQZXMICX-428,42,1040946,MUNFMSSRSV-513,3,1043696,OMYVWZWAEW-501,193,1027464,MRMIRTSAYY-383,153,1043564,NVOLEXUWQL-546,30,1025191,YTSQXJHROI-402,100,1044789,ZRNVASHNHT-533,114,1039180,ENZCCVBAXA-495,27,1044087,QZOVTJCPTH-487,50,1038779,TSTTNQYNBY-478,176,1043785,VAZNRHTVCY-525,119,1033825,GGJLWNGURU-434,97,974251,PBMVPGYONL-206,136,1026811,XDRASTYZNP-414,148,1044631,RCAAELSHBP-1021,158,977498,PZZAPSICNJ-141,141,969614,NOWJTONXOI-353,67,1039830,ZZMVBVIAJW-949,154,1010210,WVIQKQFZYJ-370,167,1028528,YFVNGNXSMW-411,114,1044175,ENZCCVBAXA-529,192,1043660,TLZVWAQAKG-469,107,1043844,GSXYPBXJWN-911,58,1043949,PXVYZQSCQC-504,18,1022714,NVKWXPSMPO-391,122,1039285,THMXVQQXGW-505,139,968692,NNBDWKFOKI-167,69,860124,BLKPZTJRIM-49930
performance_customer_0_ahwxfbflxljcrwq,password,32,1044344,RGFVEFLZFQ-556,45,1044506,JHMYLHJQDI-498,90,1044652,TIJDXPATXL-505,89,1044257,JRXARVHCQX-425,24,1022345,NLHJRXCIZZ-376,104,1032949,KMMAIMDLAY-444,36,1040980,LDOPIBJTJU-1006,95,1039054,QRVHWUBMHJ-457,200,1022392,HKEYWFYGUH-378,80,1021281,YEUFTDXSAZ-371,176,1028306,VAZNRHTVCY-415,159,1039680,MYYWAMLSVB-482,3,1041018,OMYVWZWAEW-483,45,1044475,JHMYLHJQDI-496,157,653085,AILIVNPWCP-92888,171,1044619,HLPOAMYUML-551,181,1043674,NKMNEEGYEC-541,23,1026322,CUJSJSWBOJ-405,42,1044496,MUNFMSSRSV-531,158,977498,PZZAPSICNJ-141,15,1023781,YBBNJWQEIU-392,35,1029460,NWZVXZDXUA-392,92,1025531,ZCETTLRFYP-414,150,1028237,SLDDECEIUX-425,70,1033412,PCLOYWMVOE-435,76,1030609,FKAYJIYKDC-912,118,1028487,SWQZPTSIET-397,9,1034085,XHCTORCSBJ-472,31,1026128,YQNUIHMYEM-414,95,1044232,QRVHWUBMHJ-488,146,1040998,EUPHJBEOTT-486,83,1026887,GUWNQMRIYM-420,200,1044316,HKEYWFYGUH-513,171,1043304,HLPOAMYUML-545,31,1035724,YQNUIHMYEM-477,176,1044108,VAZNRHTVCY-526,83,1043474,GUWNQMRIYM-557,67,1043831,ZZMVBVIAJW-971,111,1041439,RFHZOVDDKL-467,137,1038644,ZXYFKOOUBG-517,17,1039046,RSQPJAZKAF-424,188,1043889,THHVGTDGEX-517,163,1044806,NTIHRVLOUP-483,16,1021671,BLCNFHGGWF-50006,176,1044737,VAZNRHTVCY-536,125,1044775,MPCJXHBTUD-533,93,1028780,ZGSVVHAPWT-921,57,1043865,NXNXFXVQRG-558,141,1041992,NOWJTONXOI-1026,114,1041760,ENZCCVBAXA-515
performance_customer_0_ainwysdbyefnctm,password,83,1022250,GUWNQMRIYM-383,18,1022714,NVKWXPSMPO-391,100,1031451,ZRNVASHNHT-431,116,1044818,JEHPSOJPWI-419,137,1032294,ZXYFKOOUBG-470,16,1021671,BLCNFHGGWF-50006,100,1044390,ZRNVASHNHT-529,43,1044676,NUNMABRRJL-592,197,1043486,VATZEPRVRN-529,128,1040926,QBGYQVQITQ-417,176,1044329,VAZNRHTVCY-529,113,1024552,LAZCTLHUAU-373,146,1044401,EUPHJBEOTT-500,92,1026707,ZCETTLRFYP-421,149,1043998,BWABCGIPZF-540,102,1044708,EAHLSGJEPU-990,138,1043643,NDDIOHDIRH-535,98,1044697,KHHRVBWDTF-525,149,1043791,BWABCGIPZF-536,76,1044181,FKAYJIYKDC-978,47,1032591,GOGHXAUNML-453,83,1043887,GUWNQMRIYM-560,78,1044809,NDRYBBBTOK-505,71,991967,TLEIQPCSNI-258,181,1044271,NKMNEEGYEC-545,44,1043658,SZTQPFWXDG-421,5,1027054,YYWOYKTSKA-387,200,1022392,HKEYWFYGUH-378,141,1044665,NOWJTONXOI-1055,5,1044546,YYWOYKTSKA-436,68,1020977,ULGXMPXQUO-370,34,1026335,XVPGFYLJWN-414,78,1044579,NDRYBBBTOK-503,138,1044458,NDDIOHDIRH-541,92,1029034,ZCETTLRFYP-439,5,1007215,YYWOYKTSKA-50,62,1028328,SQVDACDULC-424,46,1041810,TNMOELULEL-463,92,1028886,ZCETTLRFYP-437,93,1038690,ZGSVVHAPWT-977,123,1043936,LEJXAFZPJX-416,90,1044040,TIJDXPATXL-499,9,1038923,XHCTORCSBJ-508,176,1041498,VAZNRHTVCY-509,155,1035538,VUFBQMJONG-485,27,1039021,QZOVTJCPTH-459,127,1044062,TCCKSRBSWS-416,79,1044186,VFFHCETBWQ-522,104,1043804,KMMAIMDLAY-512,90,1030947,TIJDXPATXL-419
performance_customer_0_aiyfbpfkpseimgr,password,77,1044649,CXSIKWUYQP-504,95,1043558,QRVHWUBMHJ-483,24,1044338,NLHJRXCIZZ-494,120,1025575,PNBFYJOOFB-401,67,1035121,ZZMVBVIAJW-930,128,1040926,QBGYQVQITQ-417,201,1044115,PKNNLDOREM-518,2,1041573,XIBQZXMICX-423,52,1034555,ZXVMYQJGTL-472,130,1044229,VGXCQEULOZ-543,173,1034613,FTUZCIBYGR-940,178,973913,OWFRIZLZXC-236,19,1044664,BSFULPTWSI-20152,15,1034868,YBBNJWQEIU-467,32,1039815,RGFVEFLZFQ-519,18,1022714,NVKWXPSMPO-391,106,1044638,NDKKGZLKEE-544,93,1032136,ZGSVVHAPWT-948,181,1039041,NKMNEEGYEC-508,73,1044791,QTMPTHBAEA-529,138,966297,NDDIOHDIRH-348,32,1043836,RGFVEFLZFQ-551,158,1044374,PZZAPSICNJ-541,175,1044446,RVXLFZRBTD-542,50,1044198,TSTTNQYNBY-514,171,1044302,HLPOAMYUML-548,39,1002790,WYWQQHAGMS-41,60,1039724,KZWCTGADFR-404,134,1039812,SQYCDQMBLW-414,15,1036002,YBBNJWQEIU-472,147,1040877,SERZCETMKW-516,24,968004,NLHJRXCIZZ-215,197,1044389,VATZEPRVRN-536,171,1039744,HLPOAMYUML-517,156,1039030,HEHTOJQONR-488,171,1039329,HLPOAMYUML-512,8,995887,VBGMGZTNDC-130,5,1029854,YYWOYKTSKA-393,40,1044363,WGUYWSBNKR-555,141,1044773,NOWJTONXOI-1056,97,974251,PBMVPGYONL-206,200,1022392,HKEYWFYGUH-378,63,1044479,IXEOWTZHCW-914,161,1044188,LFVJCHEXYR-427,142,1043044,SVRGRJCWAW-417,67,1041075,ZZMVBVIAJW-957,148,1039599,RCAAELSHBP-982,19,1043923,BSFULPTWSI-20146,150,1044751,SLDDECEIUX-541,100,1041121,ZRNVASHNHT-501
performance_customer_0_akwgduwmnktfydg,password,57,1024202,NXNXFXVQRG-395,176,1034044,VAZNRHTVCY-454,96,1043919,FDZIKSUVLU-542,141,969614,NOWJTONXOI-353,181,1044290,NKMNEEGYEC-546,35,971555,NWZVXZDXUA-86,32,1043640,RGFVEFLZFQ-548,26,1043956,XVOSPWXJNR-490,29,1044706,GXRGVPFNMM-527,191,1044071,VQGSCNOUKB-491,159,1041559,MYYWAMLSVB-497,135,1044826,KPUTDJGSKK-912,128,1030799,QBGYQVQITQ-390,47,1044300,GOGHXAUNML-537,118,1028487,SWQZPTSIET-397,103,1043782,RTQGHGQFDT-533,31,1043652,YQNUIHMYEM-528,30,1031398,YTSQXJHROI-447,156,1039030,HEHTOJQONR-488,31,1044265,YQNUIHMYEM-530,72,1043689,KACAMIJTHY-408,79,1043727,VFFHCETBWQ-518,79,1039124,VFFHCETBWQ-481,155,1035538,VUFBQMJONG-485,159,1039228,MYYWAMLSVB-479,30,1025705,YTSQXJHROI-409,148,1043799,RCAAELSHBP-1012,82,1044260,BQTRPMUUDP-20141,171,1033381,HLPOAMYUML-465,30,1043264,YTSQXJHROI-522,78,1043058,NDRYBBBTOK-492,150,1043886,SLDDECEIUX-533,96,1044648,FDZIKSUVLU-554,27,1039377,QZOVTJCPTH-461,71,1022577,TLEIQPCSNI-380,14,1041409,BWUBRJINFU-408,83,1038427,GUWNQMRIYM-512,14,1044489,BWUBRJINFU-414,3,1043397,OMYVWZWAEW-497,157,653085,AILIVNPWCP-92888,125,1044550,MPCJXHBTUD-531,69,860124,BLKPZTJRIM-49930,8,995887,VBGMGZTNDC-130,157,1041001,AILIVNPWCP-150063,132,1044173,UIRAAOTHDH-526,30,1043766,YTSQXJHROI-526,100,1028262,ZRNVASHNHT-413,22,1043930,TRPLSARUDZ-481,31,1036299,YQNUIHMYEM-482,158,1043326,PZZAPSICNJ-535
performance_customer_0_alfnyjjrbzbfetn,password,197,1039394,VATZEPRVRN-504,177,1043661,VXXFIXXKPC-480,24,1022345,NLHJRXCIZZ-376,177,1044279,VXXFIXXKPC-483,147,1044669,SERZCETMKW-547,165,1032367,SHSBFZOPHU-449,16,1043543,BLCNFHGGWF-50147,92,1026875,ZCETTLRFYP-423,162,1033605,YYGHWYTAGR-448,172,1043906,VIFMGEHMTP-490,141,1041992,NOWJTONXOI-1026,158,977498,PZZAPSICNJ-141,137,1044113,ZXYFKOOUBG-572,130,1044528,VGXCQEULOZ-544,70,1033724,PCLOYWMVOE-436,83,1022250,GUWNQMRIYM-383,146,1033042,EUPHJBEOTT-440,141,969614,NOWJTONXOI-353,175,1039193,RVXLFZRBTD-508,191,1044503,VQGSCNOUKB-494,140,972210,NZBZAJSEHP-5,40,1044228,WGUYWSBNKR-553,171,1039329,HLPOAMYUML-512,32,1041902,RGFVEFLZFQ-536,172,1044554,VIFMGEHMTP-493,102,1044203,EAHLSGJEPU-988,186,1044460,WACCFSVLQQ-507,106,1039476,NDKKGZLKEE-510,98,1030666,KHHRVBWDTF-438,176,1044452,VAZNRHTVCY-532,158,1023911,PZZAPSICNJ-388,79,1039276,VFFHCETBWQ-482,100,1044816,ZRNVASHNHT-534,88,1030951,PHLSIPFNWQ-418,184,1044253,JUKBGDMBVK-538,138,966297,NDDIOHDIRH-348,43,1026546,NUNMABRRJL-432,137,1043797,ZXYFKOOUBG-564,90,1030947,TIJDXPATXL-419,167,1027238,YFVNGNXSMW-405,154,1041879,WVIQKQFZYJ-520,62,1028328,SQVDACDULC-424,170,1044091,QCIXCMMULZ-496,186,1027781,WACCFSVLQQ-412,71,1026730,TLEIQPCSNI-400,199,1030965,SDSDGVBYRR-400,47,1041446,GOGHXAUNML-515,80,1021281,YEUFTDXSAZ-371,28,1044803,VJDYQDDQCI-541,18,1043965,NVKWXPSMPO-570
performance_customer_0_almftwgdwrcdrgu,password,115,1043602,CXSLMBVCRS-539,154,1043832,WVIQKQFZYJ-532,8,995887,VBGMGZTNDC-130,57,1022035,NXNXFXVQRG-380,42,1044681,MUNFMSSRSV-532,42,1044226,MUNFMSSRSV-530,24,1043391,NLHJRXCIZZ-491,71,1044259,TLEIQPCSNI-506,3,1044418,OMYVWZWAEW-506,9,1003802,XHCTORCSBJ-317,30,1025663,YTSQXJHROI-408,141,1038511,NOWJTONXOI-991,18,1022714,NVKWXPSMPO-391,137,1044026,ZXYFKOOUBG-569,70,1033412,PCLOYWMVOE-435,93,1035422,ZGSVVHAPWT-965,111,1044770,RFHZOVDDKL-487,92,1028292,ZCETTLRFYP-434,28,1028814,VJDYQDDQCI-434,33,1044393,PTFYXPYYLJ-1028,86,1043137,AHSNDOOWEY-350769,61,1044668,CRFDGAULRP-559,143,1041030,BRTYWMARJG-20126,102,1039891,EAHLSGJEPU-963,30,1036255,YTSQXJHROI-480,188,1044194,THHVGTDGEX-518,18,970920,NVKWXPSMPO-187,185,1043708,TVQVXIMKDJ-485,35,971555,NWZVXZDXUA-86,47,1032591,GOGHXAUNML-453,145,1044559,EPRJSRWBST-484,151,1043697,ITEDUNATQQ-493,142,1044284,SVRGRJCWAW-421,83,1022250,GUWNQMRIYM-383,50,1038779,TSTTNQYNBY-478,103,1043734,RTQGHGQFDT-531,88,1041477,PHLSIPFNWQ-475,71,1041888,TLEIQPCSNI-490,88,1043009,PHLSIPFNWQ-481,91,1043671,DGKADUBDPT-497,137,1038644,ZXYFKOOUBG-517,93,1041878,ZGSVVHAPWT-989,50,1043675,TSTTNQYNBY-513,134,1041158,SQYCDQMBLW-418,200,1040895,HKEYWFYGUH-493,64,1043575,GXXEXJWZWE-472,137,1028556,ZXYFKOOUBG-440,176,1028306,VAZNRHTVCY-415,171,1044501,HLPOAMYUML-550,78,1040985,NDRYBBBTOK-478
performance_customer_0_alvlzoospdlcqqk,password,118,1028487,SWQZPTSIET-397,130,1044182,VGXCQEULOZ-541,39,1002790,WYWQQHAGMS-41,62,1044449,SQVDACDULC-540,69,1044292,BLKPZTJRIM-50072,84,1043467,RDMIODABEW-499,103,1043622,RTQGHGQFDT-529,18,1022714,NVKWXPSMPO-391,57,1028851,NXNXFXVQRG-430,25,1043485,HDJJUSRLIA-490,79,1043879,VFFHCETBWQ-520,74,1044308,MLBRNVULNQ-439,69,1043869,BLKPZTJRIM-50071,26,1044137,XVOSPWXJNR-491,43,1040571,NUNMABRRJL-561,69,860124,BLKPZTJRIM-49930,157,611550,AILIVNPWCP-51353,36,1041116,LDOPIBJTJU-1007,179,1043588,QXBDSXNAUX-419,61,1041292,CRFDGAULRP-540,115,1041828,CXSLMBVCRS-530,137,1043633,ZXYFKOOUBG-563,62,1042991,SQVDACDULC-529,186,1024233,WACCFSVLQQ-394,35,971555,NWZVXZDXUA-86,57,1028230,NXNXFXVQRG-424,154,1041961,WVIQKQFZYJ-521,24,968004,NLHJRXCIZZ-215,130,1044807,VGXCQEULOZ-546,154,1043072,WVIQKQFZYJ-526,15,1040996,YBBNJWQEIU-508,7,1044391,GFYRCSAYNH-420,145,1043499,EPRJSRWBST-476,83,1026887,GUWNQMRIYM-420,97,974251,PBMVPGYONL-206,173,1041541,FTUZCIBYGR-980,62,1028491,SQVDACDULC-426,71,1043806,TLEIQPCSNI-503,43,1044007,NUNMABRRJL-590,104,1044055,KMMAIMDLAY-514,92,1044025,ZCETTLRFYP-532,93,1044820,ZGSVVHAPWT-1005,33,1026698,PTFYXPYYLJ-905,34,1044077,XVPGFYLJWN-554,10,1043748,HZRIEXBUHM-405,144,1043028,ELVPPASHOJ-531,135,1044283,KPUTDJGSKK-910,16,1043659,BLCNFHGGWF-50148,71,1026458,TLEIQPCSNI-399,143,1044424,BRTYWMARJG-20147
performance_customer_0_amhygfrbhmgycdo,password,200,1022392,HKEYWFYGUH-378,200,1036147,HKEYWFYGUH-464,16,1021671,BLCNFHGGWF-50006,82,1025785,BQTRPMUUDP-20034,174,1043679,VHXOHDWJGT-481,86,1043801,AHSNDOOWEY-350775,46,1043535,TNMOELULEL-472,155,1044044,VUFBQMJONG-544,32,1044372,RGFVEFLZFQ-557,89,1022540,JRXARVHCQX-373,16,1043852,BLCNFHGGWF-50150,8,995887,VBGMGZTNDC-130,172,997791,VIFMGEHMTP-194,22,1044072,TRPLSARUDZ-483,30,1030627,YTSQXJHROI-442,137,1030107,ZXYFKOOUBG-452,40,1043572,WGUYWSBNKR-552,50,1035842,TSTTNQYNBY-454,141,969614,NOWJTONXOI-353,139,1039027,NNBDWKFOKI-484,178,1043425,OWFRIZLZXC-418,178,973913,OWFRIZLZXC-236,67,1039830,ZZMVBVIAJW-949,36,1043993,LDOPIBJTJU-1033,35,971555,NWZVXZDXUA-86,157,1043501,AILIVNPWCP-150071,153,1038994,NVOLEXUWQL-511,28,1043705,VJDYQDDQCI-537,147,1041784,SERZCETMKW-521,47,1044034,GOGHXAUNML-532,43,1036355,NUNMABRRJL-526,77,1044041,CXSIKWUYQP-500,89,1044485,JRXARVHCQX-426,139,968692,NNBDWKFOKI-167,129,1041675,JXSNIANYXV-406,136,1041487,XDRASTYZNP-515,78,1035491,NDRYBBBTOK-445,167,1030350,YFVNGNXSMW-421,40,1030507,WGUYWSBNKR-456,202,1043764,AWS-243,127,1044365,TCCKSRBSWS-417,36,1030358,LDOPIBJTJU-930,126,1043948,TBALEQSSEO-412,118,1043790,SWQZPTSIET-484,45,1043827,JHMYLHJQDI-493,145,1043914,EPRJSRWBST-481,167,1040817,YFVNGNXSMW-479,139,1044142,NNBDWKFOKI-506,71,1026730,TLEIQPCSNI-400,71,1026458,TLEIQPCSNI-399
performance_customer_0_amvmaqhjefcnquk,password,8,1044043,VBGMGZTNDC-435,178,1025759,OWFRIZLZXC-380,178,973913,OWFRIZLZXC-236,138,1038514,NDDIOHDIRH-501,71,1044385,TLEIQPCSNI-507,124,1040994,DUDYJGZXSO-491,34,1044199,XVPGFYLJWN-556,196,1044624,DMNJYANSRD-421,170,1042926,QCIXCMMULZ-490,191,1044603,VQGSCNOUKB-495,176,1041041,VAZNRHTVCY-505,15,1041447,YBBNJWQEIU-513,134,1039812,SQYCDQMBLW-414,92,1023993,ZCETTLRFYP-402,104,1044009,KMMAIMDLAY-513,51,1044134,ONNIUXTQKY-537,156,1044324,HEHTOJQONR-528,41,1033327,FKOBKGGDNM-384,57,1028851,NXNXFXVQRG-430,28,1032017,VJDYQDDQCI-452,91,1032853,DGKADUBDPT-444,181,1039041,NKMNEEGYEC-508,163,1043847,NTIHRVLOUP-479,69,1044796,BLKPZTJRIM-50074,24,968004,NLHJRXCIZZ-215,201,1044774,PKNNLDOREM-522,65,1044592,KQHCHNIWCP-511,177,1034748,VXXFIXXKPC-435,118,1040816,SWQZPTSIET-464,47,1044505,GOGHXAUNML-539,117,1026126,ZWEYMHUMPM-885,88,1043568,PHLSIPFNWQ-487,148,1042733,RCAAELSHBP-1006,24,1022345,NLHJRXCIZZ-376,138,966297,NDDIOHDIRH-348,39,1002790,WYWQQHAGMS-41,19,1043593,BSFULPTWSI-20143,74,1035964,MLBRNVULNQ-419,185,1043863,TVQVXIMKDJ-486,105,1044112,QGUMAMLSYB-556,124,1040591,DUDYJGZXSO-488,132,1043931,UIRAAOTHDH-524,28,1034178,VJDYQDDQCI-469,40,1039158,WGUYWSBNKR-516,15,1023781,YBBNJWQEIU-392,182,1044472,PKSDDOCKME-505,136,1026811,XDRASTYZNP-414,92,1007709,ZCETTLRFYP-176,58,1029638,PXVYZQSCQC-415,71,991967,TLEIQPCSNI-258
performance_customer_0_anpsgdiniofldop,password,97,1041819,PBMVPGYONL-526,31,1035773,YQNUIHMYEM-478,16,1044207,BLCNFHGGWF-50155,71,1026730,TLEIQPCSNI-400,88,1044785,PHLSIPFNWQ-489,29,1042984,GXRGVPFNMM-515,97,1044399,PBMVPGYONL-538,18,1039770,NVKWXPSMPO-532,68,1040613,ULGXMPXQUO-413,33,1035619,PTFYXPYYLJ-970,156,1044243,HEHTOJQONR-527,29,1044530,GXRGVPFNMM-525,65,1044008,KQHCHNIWCP-506,74,1043639,MLBRNVULNQ-438,184,1032830,JUKBGDMBVK-460,162,1043448,YYGHWYTAGR-503,166,1043604,JYONAAGORO-527,93,1041052,ZGSVVHAPWT-986,93,1043570,ZGSVVHAPWT-998,61,1042732,CRFDGAULRP-549,34,1043857,XVPGFYLJWN-553,43,1044732,NUNMABRRJL-594,92,1024934,ZCETTLRFYP-410,96,1043482,FDZIKSUVLU-540,83,1038427,GUWNQMRIYM-512,52,1027699,ZXVMYQJGTL-419,96,1043226,FDZIKSUVLU-537,155,1044061,VUFBQMJONG-546,80,1021281,YEUFTDXSAZ-371,155,1043849,VUFBQMJONG-543,6,1038926,NPIFNMYNYQ-518,87,1044039,QGQJEIUPQN-416,93,1043220,ZGSVVHAPWT-994,73,1044432,QTMPTHBAEA-525,96,1044498,FDZIKSUVLU-551,145,1043578,EPRJSRWBST-477,202,1044124,AWS-256,173,1044561,FTUZCIBYGR-995,100,1033861,ZRNVASHNHT-452,173,1043882,FTUZCIBYGR-993,149,1043301,BWABCGIPZF-534,170,1043788,QCIXCMMULZ-495,186,1043862,WACCFSVLQQ-505,77,1043200,CXSIKWUYQP-497,28,1041473,VJDYQDDQCI-520,93,1044366,ZGSVVHAPWT-1002,71,1022577,TLEIQPCSNI-380,178,1044823,OWFRIZLZXC-421,197,1044121,VATZEPRVRN-534,76,1044674,FKAYJIYKDC-981
performance_customer_0_aolqnqbxopryvje,password,124,1041294,DUDYJGZXSO-493,109,1033057,HEZRIFKZLK-404,147,1043929,SERZCETMKW-538,193,1043491,MRMIRTSAYY-421,162,1044214,YYGHWYTAGR-508,79,1043246,VFFHCETBWQ-513,43,1044024,NUNMABRRJL-591,174,1043457,VHXOHDWJGT-480,42,1043691,MUNFMSSRSV-526,200,1043676,HKEYWFYGUH-509,62,1044347,SQVDACDULC-538,182,1033267,PKSDDOCKME-443,141,969614,NOWJTONXOI-353,159,1043475,MYYWAMLSVB-506,35,1041433,NWZVXZDXUA-425,42,1041595,MUNFMSSRSV-516,144,1043335,ELVPPASHOJ-535,186,1024233,WACCFSVLQQ-394,155,1041147,VUFBQMJONG-521,103,1043955,RTQGHGQFDT-535,144,1043739,ELVPPASHOJ-536,147,1043396,SERZCETMKW-536,146,1040998,EUPHJBEOTT-486,34,1041317,XVPGFYLJWN-532,146,1043927,EUPHJBEOTT-497,200,1032864,HKEYWFYGUH-438,16,1044622,BLCNFHGGWF-50157,35,1038622,NWZVXZDXUA-416,52,1044289,ZXVMYQJGTL-541,146,1041107,EUPHJBEOTT-487,108,1043502,IXKGMVAINR-426,136,1043895,XDRASTYZNP-531,110,1043369,SYWHOCZFXN-476,49,1044825,VTMAYZXIHW-424,52,1044408,ZXVMYQJGTL-543,159,1044405,MYYWAMLSVB-511,42,1043912,MUNFMSSRSV-528,186,1044597,WACCFSVLQQ-509,177,1044749,VXXFIXXKPC-485,49,1044056,VTMAYZXIHW-422,159,1040811,MYYWAMLSVB-493,177,1044416,VXXFIXXKPC-484,171,1039329,HLPOAMYUML-512,137,1041174,ZXYFKOOUBG-539,15,1025379,YBBNJWQEIU-404,78,1043465,NDRYBBBTOK-498,90,1044441,TIJDXPATXL-503,83,1044027,GUWNQMRIYM-561,19,1043783,BSFULPTWSI-20145,150,1043470,SLDDECEIUX-532
performance_customer_0_aomwjopecmwxyjs,password,58,1044310,PXVYZQSCQC-507,18,1040700,NVKWXPSMPO-542,131,1044342,GJARYFMTWB-913,148,1039599,RCAAELSHBP-982,105,1039037,QGUMAMLSYB-524,120,1044367,PNBFYJOOFB-496,69,1044843,BLKPZTJRIM-50075,138,1041933,NDDIOHDIRH-521,93,1036424,ZGSVVHAPWT-968,150,1041564,SLDDECEIUX-520,19,1044454,BSFULPTWSI-20150,16,1041542,BLCNFHGGWF-50138,95,1038703,QRVHWUBMHJ-453,46,1041618,TNMOELULEL-462,163,1044298,NTIHRVLOUP-480,154,1044487,WVIQKQFZYJ-537,72,1044512,KACAMIJTHY-412,92,1021697,ZCETTLRFYP-380,30,1026426,YTSQXJHROI-415,112,1038292,RTCAOFWHRR-495,29,1044237,GXRGVPFNMM-523,23,1043343,CUJSJSWBOJ-516,71,1044840,TLEIQPCSNI-509,150,1030353,SLDDECEIUX-440,45,1044585,JHMYLHJQDI-500,161,1043480,LFVJCHEXYR-423,32,1030787,RGFVEFLZFQ-449,96,1044581,FDZIKSUVLU-553,96,1044068,FDZIKSUVLU-545,112,1043606,RTCAOFWHRR-537,79,1040735,VFFHCETBWQ-495,92,1044780,ZCETTLRFYP-536,197,1044729,VATZEPRVRN-542,124,1040871,DUDYJGZXSO-490,83,1041099,GUWNQMRIYM-540,117,1039782,ZWEYMHUMPM-913,11,1044131,GBBAQNETLX-471,89,1022540,JRXARVHCQX-373,158,1043928,PZZAPSICNJ-538,90,1036240,TIJDXPATXL-452,43,1043760,NUNMABRRJL-587,24,1044617,NLHJRXCIZZ-495,80,1038050,YEUFTDXSAZ-409,172,1035717,VIFMGEHMTP-448,5,1041046,YYWOYKTSKA-422,55,1041724,TEMFXCZAYO-524,128,1044606,QBGYQVQITQ-429,149,1041467,BWABCGIPZF-522,31,1042694,YQNUIHMYEM-521,120,1041655,PNBFYJOOFB-485
performance_customer_0_aornqybctqvjzgh,password,183,1041450,WBRKGBIXLU-410,8,995887,VBGMGZTNDC-130,163,1038775,NTIHRVLOUP-462,162,1043393,YYGHWYTAGR-502,67,1043463,ZZMVBVIAJW-967,124,1041790,DUDYJGZXSO-498,84,1041270,RDMIODABEW-489,93,1042976,ZGSVVHAPWT-993,10,1044054,HZRIEXBUHM-407,106,1044735,NDKKGZLKEE-545,53,1041910,OLFZWYRJHT-486,113,1044461,LAZCTLHUAU-420,133,1044645,EVGNACFRNS-418,9,1042675,XHCTORCSBJ-544,116,1043915,JEHPSOJPWI-416,95,1039054,QRVHWUBMHJ-457,51,1043926,ONNIUXTQKY-535,140,1041513,NZBZAJSEHP-512,132,1040759,UIRAAOTHDH-509,97,1032905,PBMVPGYONL-466,157,611550,AILIVNPWCP-51353,141,1044022,NOWJTONXOI-1050,42,1042917,MUNFMSSRSV-521,160,1043720,NOOIYAJXPU-917,152,1025880,AIGHSZLMMT-200018,104,1030964,KMMAIMDLAY-432,82,1043511,BQTRPMUUDP-20136,22,1025793,TRPLSARUDZ-399,79,1043139,VFFHCETBWQ-511,201,1044211,PKNNLDOREM-519,123,1040932,LEJXAFZPJX-408,93,1032473,ZGSVVHAPWT-950,53,1043769,OLFZWYRJHT-500,9,1038923,XHCTORCSBJ-508,197,1044630,VATZEPRVRN-541,76,1041204,FKAYJIYKDC-960,11,1044703,GBBAQNETLX-473,23,1041244,CUJSJSWBOJ-507,193,1027464,MRMIRTSAYY-383,139,968692,NNBDWKFOKI-167,43,1040794,NUNMABRRJL-562,31,1044345,YQNUIHMYEM-531,34,1044595,XVPGFYLJWN-558,186,1043367,WACCFSVLQQ-502,137,1040820,ZXYFKOOUBG-537,130,1034034,VGXCQEULOZ-464,100,1041454,ZRNVASHNHT-505,134,1043560,SQYCDQMBLW-423,31,1043418,YQNUIHMYEM-526,31,1026435,YQNUIHMYEM-417
performance_customer_0_apkyvuhsomvgbno,password,94,1043673,RZZFRTQEJW-494,93,1008021,ZGSVVHAPWT-120,32,1044438,RGFVEFLZFQ-558,132,1044470,UIRAAOTHDH-527,167,1024660,YFVNGNXSMW-389,106,1041374,NDKKGZLKEE-521,71,1040804,TLEIQPCSNI-482,122,1038448,THMXVQQXGW-499,165,1032367,SHSBFZOPHU-449,110,1041589,SYWHOCZFXN-462,170,1033533,QCIXCMMULZ-440,198,1032373,HJBBCVYMNJ-395,198,1044719,HJBBCVYMNJ-421,137,1041814,ZXYFKOOUBG-546,162,1041093,YYGHWYTAGR-493,165,1043904,SHSBFZOPHU-531,90,1044318,TIJDXPATXL-502,194,1044701,TYTFJHAHYB-495,140,1044778,NZBZAJSEHP-534,100,1044695,ZRNVASHNHT-531,190,1040447,CCXJIGLFFN-405,143,1029668,BRTYWMARJG-20058,25,1043894,HDJJUSRLIA-494,124,1044625,DUDYJGZXSO-519,201,1043392,PKNNLDOREM-512,3,1041018,OMYVWZWAEW-483,39,1002790,WYWQQHAGMS-41,202,1041661,AWS-178,23,1043996,CUJSJSWBOJ-521,159,1041941,MYYWAMLSVB-499,116,1041302,JEHPSOJPWI-412,18,1022714,NVKWXPSMPO-391,58,1039587,PXVYZQSCQC-479,45,1044495,JHMYLHJQDI-497,93,1043277,ZGSVVHAPWT-995,25,1043733,HDJJUSRLIA-492,181,1040521,NKMNEEGYEC-518,15,1039616,YBBNJWQEIU-496,105,1041378,QGUMAMLSYB-537,93,1031847,ZGSVVHAPWT-944,88,1043436,PHLSIPFNWQ-486,57,1043156,NXNXFXVQRG-554,12,1043240,LZBSILMBAG-1019,36,1040555,LDOPIBJTJU-1003,53,1044021,OLFZWYRJHT-501,55,1044651,TEMFXCZAYO-541,86,1043462,AHSNDOOWEY-350773,32,1039126,RGFVEFLZFQ-514,30,1041636,YTSQXJHROI-515,155,1043573,VUFBQMJONG-538
