202,10300,AWS,258,2560,1311,1312
149,10147,BWABCGIPZF,546,1763,972,973
14,10024,BWUBRJINFU,414,125,66,67
190,10189,CCXJIGLFFN,410,2201,1208,1209
85,10084,CKJBRMFLBE,417,934,514,515
61,10060,CRFDGAULRP,561,751,414,415
23,10022,CUJSJSWBOJ,525,414,219,220
77,10077,CXSIKWUYQP,505,864,476,477
115,10113,CXSLMBVCRS,547,1455,799,800
48,10047,DAVUWZHYRY,412,535,292,293
91,10091,DGKADUBDPT,502,942,519,520
196,10196,DMNJYANSRD,421,2279,1251,1252
124,10124,DUDYJGZXSO,521,1380,755,756
102,10102,EAHLSGJEPU,991,1132,618,619
144,10141,ELVPPASHOJ,541,1648,907,908
114,10112,ENZCCVBAXA,533,1400,765,766
145,10144,EPRJSRWBST,485,1571,865,866
81,10078,ESMGDKQSEZ,426,896,491,492
146,10145,EUPHJBEOTT,504,1606,884,885
133,10132,EVGNACFRNS,418,1478,813,814
96,10093,FDZIKSUVLU,556,1117,609,610
76,10076,FKAYJIYKDC,983,876,481,482
41,10042,FKOBKGGDNM,406,237,121,122
173,10173,FTUZCIBYGR,995,1975,1089,1090
75,10074,FZBJMUFCMR,428,856,471,472
11,10021,GBBAQNETLX,474,61,36,37
7,10016,GFYRCSAYNH,421,29,16,17
119,10121,GGJLWNGURU,484,1298,712,713
131,10130,GJARYFMTWB,915,1470,808,809
47,10043,GOGHXAUNML,540,623,343,344
107,10106,GSXYPBXJWN,913,1167,637,638
83,10082,GUWNQMRIYM,565,1021,558,559
29,10029,GXRGVPFNMM,528,360,191,192
64,10065,GXXEXJWZWE,474,661,366,367
25,10004,HDJJUSRLIA,495,133,71,72
156,10155,HEHTOJQONR,531,1883,1038,1039
109,10108,HEZRIFKZLK,431,1237,675,676
4,10007,HFYNPMLSFD,1415,45,26,27
198,10197,HJBBCVYMNJ,421,2302,1265,1266
200,10199,HKEYWFYGUH,515,2318,1275,1276
171,10169,HLPOAMYUML,552,2014,1108,1109
66,10064,HZKAZWTBYM,425,728,400,401
10,10013,HZRIEXBUHM,409,93,51,52
20,10025,IPUQKWXYRN,415,201,101,102
151,10149,ITEDUNATQQ,496,1663,916,917
63,10062,IXEOWTZHCW,914,673,371,372
108,10110,IXKGMVAINR,426,1229,670,671
116,10117,JEHPSOJPWI,419,1325,726,727
45,10044,JHMYLHJQDI,501,253,131,132
89,10087,JRXARVHCQX,427,1001,548,549
184,10183,JUKBGDMBVK,541,2233,1223,1224
129,10129,JXSNIANYXV,412,1447,794,795
166,10165,JYONAAGORO,534,2041,1122,1123
72,10073,KACAMIJTHY,412,801,442,443
98,10097,KHHRVBWDTF,525,1060,577,578
104,10103,KMMAIMDLAY,521,1310,717,718
135,10133,KPUTDJGSKK,912,1494,823,824
65,10063,KQHCHNIWCP,511,904,496,497
60,10058,KZWCTGADFR,416,653,361,362
113,10114,LAZCTLHUAU,421,1245,680,681
38,10039,LBANXROZHW,917,229,116,117
36,10035,LDOPIBJTJU,1038,520,283,284
123,10123,LEJXAFZPJX,418,1392,760,761
161,10162,LFVJCHEXYR,427,1867,1028,1029
12,10012,LZBSILMBAG,1025,315,164,165
74,10072,MLBRNVULNQ,441,809,447,448
125,10119,MPCJXHBTUD,533,1514,833,834
193,10193,MRMIRTSAYY,421,2248,1232,1233
42,10036,MUNFMSSRSV,534,585,320,321
168,10168,MXTRUCZDTK,418,1910,1052,1053
159,10156,MYYWAMLSVB,514,1743,962,963
138,10138,NDDIOHDIRH,542,1675,921,922
106,10105,NDKKGZLKEE,545,1283,703,704
78,10080,NDRYBBBTOK,506,844,466,467
187,10187,NEPPTVFQHN,414,2157,1188,1189
181,10178,NKMNEEGYEC,551,2256,1237,1238
24,10002,NLHJRXCIZZ,495,145,76,77
54,10053,NMIZFMQNDI,413,497,269,270
139,10140,NNBDWKFOKI,509,1502,828,829
160,10159,NOOIYAJXPU,919,1793,990,991
141,10137,NOWJTONXOI,1056,1728,953,954
6,10011,NPIFNMYNYQ,564,330,173,174
163,10163,NTIHRVLOUP,483,1816,1004,1005
43,10041,NUNMABRRJL,595,566,306,308
18,10017,NVKWXPSMPO,576,300,155,156
153,10151,NVOLEXUWQL,554,1960,1080,1081
35,10034,NWZVXZDXUA,436,209,106,107
57,10056,NXNXFXVQRG,564,736,405,406
140,10139,NZBZAJSEHP,534,1618,889,890
53,10052,OLFZWYRJHT,504,402,212,213
3,10008,OMYVWZWAEW,509,9,6,7
51,10048,ONNIUXTQKY,540,608,334,335
178,10177,OWFRIZLZXC,421,2071,1140,1141
97,10094,PBMVPGYONL,540,1152,628,629
70,10069,PCLOYWMVOE,497,716,395,396
88,10086,PHLSIPFNWQ,489,954,524,525
201,10200,PKNNLDOREM,523,2345,1289,1290
180,10180,PKRERGIDEA,410,2079,1145,1146
182,10182,PKSDDOCKME,505,2095,1155,1156
120,10118,PNBFYJOOFB,501,1360,745,746
33,10032,PTFYXPYYLJ,1031,505,274,275
58,10057,PXVYZQSCQC,508,766,423,424
158,10157,PZZAPSICNJ,541,1945,1071,1072
128,10126,QBGYQVQITQ,430,1439,789,790
170,10170,QCIXCMMULZ,499,1898,1047,1048
87,10089,QGQJEIUPQN,417,966,529,530
189,10188,QGRMBSSSGB,477,2177,1198,1199
105,10104,QGUMAMLSYB,562,1268,694,695
95,10095,QRVHWUBMHJ,492,1036,567,568
73,10070,QTMPTHBAEA,529,919,505,506
179,10179,QXBDSXNAUX,419,2087,1150,1151
27,10006,QZOVTJCPTH,493,177,91,92
148,10148,RCAAELSHBP,1023,1778,981,982
84,10081,RDMIODABEW,510,1072,582,583
37,10038,REHABDBVRB,419,245,126,127
111,10107,RFHZOVDDKL,487,1217,665,666
32,10015,RGFVEFLZFQ,559,444,237,238
21,10028,RHNDJIJANW,487,113,61,62
17,10023,RSQPJAZKAF,436,157,81,82
112,10111,RTCAOFWHRR,545,1333,731,732
103,10100,RTQGHGQFDT,542,1253,685,686
175,10172,RVXLFZRBTD,547,2142,1179,1180
94,10096,RZZFRTQEJW,497,1048,572,573
199,10198,SDSDGVBYRR,433,2310,1270,1271
147,10146,SERZCETMKW,547,1713,944,945
165,10164,SHSBFZOPHU,533,1999,1099,1100
150,10150,SLDDECEIUX,542,1828,1009,1010
62,10061,SQVDACDULC,543,817,452,453
134,10135,SQYCDQMBLW,425,1486,818,819
121,10120,STURZIXPSD,410,1415,774,775
142,10142,SVRGRJCWAW,422,1583,870,871
118,10116,SWQZPTSIET,489,1348,740,741
110,10109,SYWHOCZFXN,483,1190,649,650
44,10045,SZTQPFWXDG,424,265,136,137
126,10125,TBALEQSSEO,413,1423,779,780
127,10127,TCCKSRBSWS,418,1431,784,785
55,10054,TEMFXCZAYO,542,681,376,377
188,10185,THHVGTDGEX,518,2287,1256,1257
122,10122,THMXVQQXGW,549,1529,842,843
101,10101,TIBNMFWXCA,413,1144,623,624
90,10090,TIJDXPATXL,506,974,534,535
71,10071,TLEIQPCSNI,509,789,437,438
192,10191,TLZVWAQAKG,476,2209,1213,1214
46,10046,TNMOELULEL,476,273,141,142
22,10027,TRPLSARUDZ,485,165,86,87
50,10051,TSTTNQYNBY,518,375,200,201
185,10184,TVQVXIMKDJ,489,2115,1165,1166
194,10194,TYTFJHAHYB,496,2221,1218,1219
132,10131,UIRAAOTHDH,531,1556,856,857
68,10067,ULGXMPXQUO,423,708,390,391
197,10195,VATZEPRVRN,544,2330,1280,1281
176,10175,VAZNRHTVCY,537,2127,1170,1171
8,10018,VBGMGZTNDC,435,53,31,32
79,10075,VFFHCETBWQ,524,984,539,540
56,10055,VFSXESJNZT,503,543,297,298
130,10128,VGXCQEULOZ,546,1591,875,876
174,10174,VHXOHDWJGT,484,1987,1094,1095
172,10171,VIFMGEHMTP,495,1918,1057,1058
28,10020,VJDYQDDQCI,542,459,245,246
191,10190,VQGSCNOUKB,496,2189,1203,1204
49,10050,VTMAYZXIHW,424,474,255,256
155,10153,VUFBQMJONG,551,1930,1062,1063
177,10176,VXXFIXXKPC,485,2029,1117,1118
99,10098,VYKDAUYCKV,817,1175,642,643
169,10167,VYPOEDLZQN,505,2056,1131,1132
186,10186,WACCFSVLQQ,512,2165,1193,1194
183,10181,WBRKGBIXLU,419,2107,1160,1161
40,10037,WGUYWSBNKR,560,555,302,303
13,10019,WILJELYYJD,419,85,46,47
164,10161,WKVFOJYOUW,415,1875,1033,1034
154,10152,WVIQKQFZYJ,537,1801,995,996
39,10040,WYWQQHAGMS,505,217,111,112
136,10136,XDRASTYZNP,536,1633,898,899
9,10009,XHCTORCSBJ,560,345,180,181
2,10005,XIBQZXMICX,430,21,11,12
26,10031,XVOSPWXJNR,493,189,96,97
34,10033,XVPGFYLJWN,559,429,228,229
15,10010,YBBNJWQEIU,537,285,146,147
80,10079,YEUFTDXSAZ,428,888,486,487
167,10166,YFVNGNXSMW,498,1843,1018,1019
31,10003,YQNUIHMYEM,533,482,260,261
30,10001,YTSQXJHROI,530,387,205,206
162,10160,YYGHWYTAGR,511,1855,1023,1024
5,10014,YYWOYKTSKA,437,37,21,22
92,10088,ZCETTLRFYP,536,1087,591,592
93,10092,ZGSVVHAPWT,1005,1009,553,554
100,10099,ZRNVASHNHT,534,1202,656,657
117,10115,ZWEYMHUMPM,918,1372,750,751
52,10049,ZXVMYQJGTL,546,638,352,353
137,10134,ZXYFKOOUBG,573,1690,930,931
67,10066,ZZMVBVIAJW,973,696,385,386
