Label,# Samples,Average,Median,90% Line,95% Line,99% Line,Min,Max,Error %,App specific
jmeter_agent_login_and_view_dashboard,50,364,358,405,419,446,292,454,0.0,False
jmeter_agent_add_comment:open_request_comment,864,18,17,21,23,43,12,72,0.0,False
jmeter_agent_add_comment:save_request_comment,864,412,405,476,508,589,297,859,0.0,False
jmeter_agent_view_request,796,253,247,320,347,394,163,462,0.0,False
jmeter_agent_browse_projects,334,66,64,78,89,109,49,125,0.0,False
jmeter_agent_view_customers,198,749,732,865,898,981,578,997,0.0,False
jmeter_agent_view_queues_small:all_open_queue,167,999,1057,1261,1306,1367,339,1475,0.0,False
jmeter_agent_view_queues_small:random_queue,167,310,304,376,390,442,223,480,0.0,False
jmeter_agent_view_report_workload_small,134,1867,1880,2281,4672,5604,240,5775,0.0,False
jmeter_agent_view_queues_medium:all_open_queue,133,985,1029,1298,1320,1404,558,1534,100.0,False
jmeter_agent_view_queues_medium:random_queue,133,318,313,375,396,442,225,666,0.0,False
jmeter_agent_view_report_workload_medium,100,1099,1008,1282,2152,2269,752,2287,0.0,False
jmeter_agent_view_report_created_vs_resolved_medium,67,156,156,178,196,202,124,203,0.0,False
jmeter_agent_view_report_created_vs_resolved_small,165,162,157,197,208,250,125,277,0.0,False
jmeter_customer_login_and_view_portals,30,513,502,548,585,606,466,607,0.0,False
jmeter_customer_view_requests:my_requests,2746,282,276,325,343,379,224,548,0.0,False
jmeter_customer_view_requests:all_requests,2746,297,290,340,360,415,230,527,0.0,False
jmeter_customer_view_requests:with_filter_requests,2746,276,273,322,343,386,172,463,0.0,False
jmeter_customer_view_request,1646,253,165,559,705,976,115,1395,0.0,False
jmeter_customer_add_comment,2635,181,175,201,212,254,155,552,0.0,False
jmeter_customer_view_portal,1209,94,90,117,128,152,71,222,0.0,False
jmeter_customer_create_request:open_create_request_view,1757,93,89,112,123,145,71,194,0.0,False
jmeter_customer_create_request:create_request,1757,480,464,554,581,669,401,1131,0.0,False
jmeter_customer_create_request:view_request_after_creation,1757,142,137,177,188,217,109,287,0.0,False
jmeter_customer_share_request_with_org:search_org,440,24,23,26,28,53,20,64,0.0,False
jmeter_customer_share_request_with_org:add_org,438,552,377,1101,1387,1874,279,2082,0.0,False
jmeter_customer_share_request_with_org:remove_org,438,623,469,1209,1457,1799,345,2057,0.0,False
jmeter_customer_share_request_with_customer:search_customer,546,37,36,42,45,63,32,73,0.0,False
jmeter_customer_share_request_with_customer:add_customer,546,530,362,1036,1394,1900,276,2264,0.0,False
jmeter_customer_share_request_with_customer:remove_customer,545,790,544,1636,2162,2744,402,3340,0.0,False
selenium_customer_login:open_login_page,234,148,143,158,166,179,129,847,0.0,False
selenium_agent_login:open_login_page,142,193,184,204,210,236,168,1054,0.0,False
selenium_customer_login:login_and_view_portal,234,690,700,725,745,911,380,996,0.0,False
selenium_customer_login,234,839,846,879,891,1055,523,1772,0.0,False
selenium_customer_create_request:browse_all_portals,234,647,665,688,696,723,129,727,0.0,False
selenium_agent_login:login_and_view_dashboard,142,765,754,818,849,964,674,1455,0.0,False
selenium_agent_login,142,959,940,1020,1037,1161,855,2509,0.0,False
selenium_customer_create_request:view_portal,234,214,218,244,255,285,145,322,0.0,False
selenium_agent_browse_projects,142,326,322,347,355,388,300,435,0.0,False
selenium_customer_create_request:choose_request_type,234,729,726,776,800,840,562,1013,0.0,False
selenium_customer_create_request:create_and_submit_request,234,352,263,626,634,955,200,1142,0.0,False
selenium_customer_create_request,234,1944,1897,2256,2302,2499,1228,2548,0.0,False
selenium_agent_view_customers,142,833,825,872,879,896,788,1278,0.0,False
selenium_customer_view_request,234,371,259,743,904,1268,200,1616,0.0,False
selenium_customer_view_requests,234,558,552,609,621,663,468,697,0.0,False
selenium_agent_view_request,142,741,725,834,861,906,589,1571,0.0,False
selenium_customer_view_all_requests,234,539,532,589,624,670,463,734,0.0,False
selenium_agent_view_report_workload_medium,142,1509,1358,1969,2444,2551,1279,3110,0.0,False
selenium_agent_view_report_created_vs_resolved_medium,142,813,799,848,932,967,772,1039,0.0,False
selenium_customer_share_request_with_customer:search_for_customer_to_share_with,234,2621,2642,2683,2695,2723,6,2728,0.0,False
selenium_agent_view_report_workload_small,142,2172,2298,2783,3316,5767,784,8425,0.0,False
selenium_customer_share_request:share_request_with_customer,234,1933,1593,2137,2623,3138,1582,20352,1.0,False
selenium_customer_share_request_with_customer,234,4555,4241,4830,5310,5845,4167,20361,1.0,False
selenium_agent_view_report_created_vs_resolved_small,142,822,799,898,911,936,757,1214,0.0,False
selenium_agent_add_comment:add comment,142,606,612,659,675,718,484,752,0.0,False
selenium_agent_add_comment,142,1296,1290,1368,1394,1435,1192,1694,0.0,False
selenium_customer_add_comment,234,1723,1592,2103,2295,2681,1459,2826,0.0,False
selenium_customer_log_out,234,613,610,771,782,810,249,837,0.0,False
selenium_agent_view_queues_large_project_:all_open_queue,142,1838,1757,2088,2136,2329,1536,2544,0.0,False
selenium_agent_view_queues_large_project:random_choice_queue,142,308,306,362,375,415,202,430,0.0,False
selenium_agent_view_queues_large_project,142,2147,2140,2412,2447,2618,1742,2897,0.0,False
selenium_agent_view_queues_small_project_:all_open_queue,142,1940,1968,2242,2264,2346,1182,2478,0.0,False
selenium_agent_view_queues_small_project:random_choice_queue,142,322,319,390,401,452,194,502,0.0,False
selenium_agent_view_queues_small_project,142,2262,2287,2544,2603,2732,1584,2791,0.0,False
load_aws_project,142,1380,1404,1714,1746,1785,849,1995,0.0,True
select_aws_opsitem_issue_type,142,309,144,1210,1217,1231,105,1251,0.0,True
set_aws_opsitem_summary,142,69,67,76,80,91,61,95,0.0,True
set_aws_opsitem_description,142,133,132,147,150,153,117,156,0.0,True
submit_aws_opsitem,142,670,642,694,747,1117,587,1127,0.0,True
load_aws_create_issue_modal,142,1912,1747,2726,2789,2837,1570,2878,0.0,True
selenium_aws_opsitem,142,3327,3220,4010,4248,4578,2436,4609,0.0,True
selenium_agent_logout,142,568,566,618,632,668,460,676,0.0,False
